run,sample,success,request_id,text,audio_duration_s,ttft_ms,ttfa_ms,last_audio_ms,e2e_total_ms,wav_remote_path,result_remote_path
stable_best_sil672,sample_00,True,sg_c12_s000_6f074ede-2d97-4ed0-b549-f297ba24421b,我叫千问，是阿里巴巴集团旗下的通义实验室自主研发的多模态超大规模语言模型，有什么我可以帮助你的吗？,9.680000000000003,4441.332922317088,9966.929416172206,21439.04618313536,32262.638197280467,/myapp/sglang-omni/results/sg_realtime_c12_decodebatch8_ready_subset1_mem080_item256m_omitcached_trimfix_cache2048_64g_run12_relay1024_cvd345_8162_20260630_103902/client_c12_realtime_audio_vllmstyle_sil672_stagger0_temp1_barrier_104103/sample_00/sg_c12_s000_6f074ede-2d97-4ed0-b549-f297ba24421b.wav,/myapp/sglang-omni/results/sg_realtime_c12_decodebatch8_ready_subset1_mem080_item256m_omitcached_trimfix_cache2048_64g_run12_relay1024_cvd345_8162_20260630_103902/client_c12_realtime_audio_vllmstyle_sil672_stagger0_temp1_barrier_104103/sample_00/result.json
stable_best_sil672,sample_01,True,sg_c12_s001_753344fc-e4ef-482d-b0ad-5d24967f4374,我叫千问，是阿里巴巴集团旗下的通义实验室自主研发的多模态超大规模语言模型，有什么我可以帮助你的吗？,9.040000000000003,6214.016211219132,9974.38884107396,22539.787603076547,32691.23474881053,/myapp/sglang-omni/results/sg_realtime_c12_decodebatch8_ready_subset1_mem080_item256m_omitcached_trimfix_cache2048_64g_run12_relay1024_cvd345_8162_20260630_103902/client_c12_realtime_audio_vllmstyle_sil672_stagger0_temp1_barrier_104103/sample_01/sg_c12_s001_753344fc-e4ef-482d-b0ad-5d24967f4374.wav,/myapp/sglang-omni/results/sg_realtime_c12_decodebatch8_ready_subset1_mem080_item256m_omitcached_trimfix_cache2048_64g_run12_relay1024_cvd345_8162_20260630_103902/client_c12_realtime_audio_vllmstyle_sil672_stagger0_temp1_barrier_104103/sample_01/result.json
stable_best_sil672,sample_02,True,sg_c12_s002_db0ba9e2-1ae3-48d5-8163-5da756c74a54,千问，是阿里巴巴集团旗下的通义实验室自主研发的多模态超大规模语言模型，有什么我可以帮助你的吗？,8.800000000000002,12813.277130946517,9984.079697635025,22781.778294593096,32905.22983390838,/myapp/sglang-omni/results/sg_realtime_c12_decodebatch8_ready_subset1_mem080_item256m_omitcached_trimfix_cache2048_64g_run12_relay1024_cvd345_8162_20260630_103902/client_c12_realtime_audio_vllmstyle_sil672_stagger0_temp1_barrier_104103/sample_02/sg_c12_s002_db0ba9e2-1ae3-48d5-8163-5da756c74a54.wav,/myapp/sglang-omni/results/sg_realtime_c12_decodebatch8_ready_subset1_mem080_item256m_omitcached_trimfix_cache2048_64g_run12_relay1024_cvd345_8162_20260630_103902/client_c12_realtime_audio_vllmstyle_sil672_stagger0_temp1_barrier_104103/sample_02/result.json
stable_best_sil672,sample_03,True,sg_c12_s003_e130961f-5108-4858-9ed9-b600ad0394ea,我叫千问，是阿里巴巴集团旗下的通义实验室自主研发的多模态超大规模语言模型，有什么我可以帮助你的吗？,8.880000000000003,6339.451995678246,10067.80314585194,23427.432498894632,33191.01146282628,/myapp/sglang-omni/results/sg_realtime_c12_decodebatch8_ready_subset1_mem080_item256m_omitcached_trimfix_cache2048_64g_run12_relay1024_cvd345_8162_20260630_103902/client_c12_realtime_audio_vllmstyle_sil672_stagger0_temp1_barrier_104103/sample_03/sg_c12_s003_e130961f-5108-4858-9ed9-b600ad0394ea.wav,/myapp/sglang-omni/results/sg_realtime_c12_decodebatch8_ready_subset1_mem080_item256m_omitcached_trimfix_cache2048_64g_run12_relay1024_cvd345_8162_20260630_103902/client_c12_realtime_audio_vllmstyle_sil672_stagger0_temp1_barrier_104103/sample_03/result.json
stable_best_sil672,sample_04,True,sg_c12_s004_cb586d43-01fd-431d-acb9-05c80e459d15,我叫通义千问Omni，是阿里巴巴集团旗下的通义实验室自主研发的多模态超大规模语言模型，有什么我可以帮助你的吗？,9.360000000000003,6968.83689891547,10047.76856303215,25616.1743090488,34407.72262820974,/myapp/sglang-omni/results/sg_realtime_c12_decodebatch8_ready_subset1_mem080_item256m_omitcached_trimfix_cache2048_64g_run12_relay1024_cvd345_8162_20260630_103902/client_c12_realtime_audio_vllmstyle_sil672_stagger0_temp1_barrier_104103/sample_04/sg_c12_s004_cb586d43-01fd-431d-acb9-05c80e459d15.wav,/myapp/sglang-omni/results/sg_realtime_c12_decodebatch8_ready_subset1_mem080_item256m_omitcached_trimfix_cache2048_64g_run12_relay1024_cvd345_8162_20260630_103902/client_c12_realtime_audio_vllmstyle_sil672_stagger0_temp1_barrier_104103/sample_04/result.json
stable_best_sil672,sample_05,True,sg_c12_s005_0c924687-230a-416d-85e1-12d676dbda44,我叫千问多模态大模型，是阿里巴巴集团旗下的通义实验室自主研发的多模态超大规模语言模型，有什么我可以帮助你的吗？,10.320000000000004,7086.291376966983,10017.658880911767,27069.233282934874,35601.50796780363,/myapp/sglang-omni/results/sg_realtime_c12_decodebatch8_ready_subset1_mem080_item256m_omitcached_trimfix_cache2048_64g_run12_relay1024_cvd345_8162_20260630_103902/client_c12_realtime_audio_vllmstyle_sil672_stagger0_temp1_barrier_104103/sample_05/sg_c12_s005_0c924687-230a-416d-85e1-12d676dbda44.wav,/myapp/sglang-omni/results/sg_realtime_c12_decodebatch8_ready_subset1_mem080_item256m_omitcached_trimfix_cache2048_64g_run12_relay1024_cvd345_8162_20260630_103902/client_c12_realtime_audio_vllmstyle_sil672_stagger0_temp1_barrier_104103/sample_05/result.json
stable_best_sil672,sample_06,True,sg_c12_s006_f4684f79-3c6c-4bd6-a212-b5047fc0ae99,我叫千问多模态大模型，是阿里巴巴集团旗下的通义实验室自主研发的多模态超大规模语言模型，有什么我可以帮助你的吗？,10.560000000000004,7623.957557603717,10007.460861001164,27465.784528758377,36180.091676767915,/myapp/sglang-omni/results/sg_realtime_c12_decodebatch8_ready_subset1_mem080_item256m_omitcached_trimfix_cache2048_64g_run12_relay1024_cvd345_8162_20260630_103902/client_c12_realtime_audio_vllmstyle_sil672_stagger0_temp1_barrier_104103/sample_06/sg_c12_s006_f4684f79-3c6c-4bd6-a212-b5047fc0ae99.wav,/myapp/sglang-omni/results/sg_realtime_c12_decodebatch8_ready_subset1_mem080_item256m_omitcached_trimfix_cache2048_64g_run12_relay1024_cvd345_8162_20260630_103902/client_c12_realtime_audio_vllmstyle_sil672_stagger0_temp1_barrier_104103/sample_06/result.json
stable_best_sil672,sample_07,True,sg_c12_s007_4f5bfd4a-a299-42ea-af86-1bae9c7a1b58,我叫千问，是阿里巴巴集团旗下的通义实验室自主研发的多模态超大规模语言模型，有什么我可以帮助你的吗？,8.400000000000002,7771.308149211109,10025.020061060786,23838.835855945945,33401.064216159284,/myapp/sglang-omni/results/sg_realtime_c12_decodebatch8_ready_subset1_mem080_item256m_omitcached_trimfix_cache2048_64g_run12_relay1024_cvd345_8162_20260630_103902/client_c12_realtime_audio_vllmstyle_sil672_stagger0_temp1_barrier_104103/sample_07/sg_c12_s007_4f5bfd4a-a299-42ea-af86-1bae9c7a1b58.wav,/myapp/sglang-omni/results/sg_realtime_c12_decodebatch8_ready_subset1_mem080_item256m_omitcached_trimfix_cache2048_64g_run12_relay1024_cvd345_8162_20260630_103902/client_c12_realtime_audio_vllmstyle_sil672_stagger0_temp1_barrier_104103/sample_07/result.json
stable_best_sil672,sample_08,True,sg_c12_s008_2173b1a8-977f-4a6e-968b-5f278e9e8eea,我叫千问，是阿里巴巴集团旗下的通义实验室自主研发的多模态超大规模语言模型，有什么我可以帮助你的吗？,9.200000000000003,8386.837047990412,9996.432095766068,24506.061817053705,33655.90190468356,/myapp/sglang-omni/results/sg_realtime_c12_decodebatch8_ready_subset1_mem080_item256m_omitcached_trimfix_cache2048_64g_run12_relay1024_cvd345_8162_20260630_103902/client_c12_realtime_audio_vllmstyle_sil672_stagger0_temp1_barrier_104103/sample_08/sg_c12_s008_2173b1a8-977f-4a6e-968b-5f278e9e8eea.wav,/myapp/sglang-omni/results/sg_realtime_c12_decodebatch8_ready_subset1_mem080_item256m_omitcached_trimfix_cache2048_64g_run12_relay1024_cvd345_8162_20260630_103902/client_c12_realtime_audio_vllmstyle_sil672_stagger0_temp1_barrier_104103/sample_08/result.json
stable_best_sil672,sample_09,True,sg_c12_s009_0cae33d7-35b5-4743-bb6b-a1caf2cc9fd8,我叫千问，是阿里巴巴集团旗下的通义实验室自主研发的多模态超大规模语言模型，有什么我可以帮助你的吗？,8.320000000000002,8463.521193247288,10051.754880230874,24913.8676491566,33905.162926297635,/myapp/sglang-omni/results/sg_realtime_c12_decodebatch8_ready_subset1_mem080_item256m_omitcached_trimfix_cache2048_64g_run12_relay1024_cvd345_8162_20260630_103902/client_c12_realtime_audio_vllmstyle_sil672_stagger0_temp1_barrier_104103/sample_09/sg_c12_s009_0cae33d7-35b5-4743-bb6b-a1caf2cc9fd8.wav,/myapp/sglang-omni/results/sg_realtime_c12_decodebatch8_ready_subset1_mem080_item256m_omitcached_trimfix_cache2048_64g_run12_relay1024_cvd345_8162_20260630_103902/client_c12_realtime_audio_vllmstyle_sil672_stagger0_temp1_barrier_104103/sample_09/result.json
stable_best_sil672,sample_10,True,sg_c12_s010_1735a574-31f7-4bc2-acf2-76dc9772b660,我叫通义千问Omni，是阿里巴巴集团旗下的通义实验室自主研发的多模态超大规模语言模型，有什么我可以帮助你的吗？,8.400000000000002,8753.815236035734,10031.822256278247,26136.64376595989,34938.85378818959,/myapp/sglang-omni/results/sg_realtime_c12_decodebatch8_ready_subset1_mem080_item256m_omitcached_trimfix_cache2048_64g_run12_relay1024_cvd345_8162_20260630_103902/client_c12_realtime_audio_vllmstyle_sil672_stagger0_temp1_barrier_104103/sample_10/sg_c12_s010_1735a574-31f7-4bc2-acf2-76dc9772b660.wav,/myapp/sglang-omni/results/sg_realtime_c12_decodebatch8_ready_subset1_mem080_item256m_omitcached_trimfix_cache2048_64g_run12_relay1024_cvd345_8162_20260630_103902/client_c12_realtime_audio_vllmstyle_sil672_stagger0_temp1_barrier_104103/sample_10/result.json
stable_best_sil672,sample_11,True,sg_c12_s011_d197e09b-c1e9-43b9-b993-9d4a58204f2b,我叫Qwen3.5，是阿里巴巴最新推出的通义千问大语言模型。有什么我可以帮助你的吗？,6.6400000000000015,8843.494998291135,9985.227046068758,21569.558196235448,32396.426077000797,/myapp/sglang-omni/results/sg_realtime_c12_decodebatch8_ready_subset1_mem080_item256m_omitcached_trimfix_cache2048_64g_run12_relay1024_cvd345_8162_20260630_103902/client_c12_realtime_audio_vllmstyle_sil672_stagger0_temp1_barrier_104103/sample_11/sg_c12_s011_d197e09b-c1e9-43b9-b993-9d4a58204f2b.wav,/myapp/sglang-omni/results/sg_realtime_c12_decodebatch8_ready_subset1_mem080_item256m_omitcached_trimfix_cache2048_64g_run12_relay1024_cvd345_8162_20260630_103902/client_c12_realtime_audio_vllmstyle_sil672_stagger0_temp1_barrier_104103/sample_11/result.json
profile_sil700,sample_00,True,sg_c12_s000_64626a06-a259-4ba5-9d5c-f2707d30b872,我叫千问，是阿里巴巴集团旗下的通义实验室自主研发的多模态超大规模语言模型，有什么我可以帮助你的吗？,10.240000000000004,4426.978833042085,9958.18655518815,24395.108692348003,32886.5961083211,/myapp/sglang-omni/results/sg_realtime_c12_decodebatch8_ready_subset1_mem080_item256m_omitcached_trimfix_cache2048_64g_run12_c2w4_profile_relay1024_cvd345_8162_20260630_122447/client_c12_realtime_audio_vllmstyle_sil700_stagger0_temp1_barrier_profile_stable_c12_c2w4_122641/sample_00/sg_c12_s000_64626a06-a259-4ba5-9d5c-f2707d30b872.wav,/myapp/sglang-omni/results/sg_realtime_c12_decodebatch8_ready_subset1_mem080_item256m_omitcached_trimfix_cache2048_64g_run12_c2w4_profile_relay1024_cvd345_8162_20260630_122447/client_c12_realtime_audio_vllmstyle_sil700_stagger0_temp1_barrier_profile_stable_c12_c2w4_122641/sample_00/result.json
profile_sil700,sample_01,True,sg_c12_s001_6efa885a-9aa2-4e10-ae95-d620be4f7f17,我叫千问，是阿里巴巴集团旗下的通义实验室自主研发的多模态超大规模语言模型，有什么我可以帮助你的吗？,8.240000000000002,5462.629547342658,9976.726373191923,24820.77525323257,33206.70606335625,/myapp/sglang-omni/results/sg_realtime_c12_decodebatch8_ready_subset1_mem080_item256m_omitcached_trimfix_cache2048_64g_run12_c2w4_profile_relay1024_cvd345_8162_20260630_122447/client_c12_realtime_audio_vllmstyle_sil700_stagger0_temp1_barrier_profile_stable_c12_c2w4_122641/sample_01/sg_c12_s001_6efa885a-9aa2-4e10-ae95-d620be4f7f17.wav,/myapp/sglang-omni/results/sg_realtime_c12_decodebatch8_ready_subset1_mem080_item256m_omitcached_trimfix_cache2048_64g_run12_c2w4_profile_relay1024_cvd345_8162_20260630_122447/client_c12_realtime_audio_vllmstyle_sil700_stagger0_temp1_barrier_profile_stable_c12_c2w4_122641/sample_01/result.json
profile_sil700,sample_02,True,sg_c12_s002_46b60316-3173-42ea-ac58-14cb26de2e76,我叫千问，是阿里巴巴集团旗下的通义实验室自主研发的多模态超大规模语言模型，有什么我可以帮助你的吗？,8.320000000000002,5670.34786939621,10005.715876352042,25266.050174366683,33457.95149728656,/myapp/sglang-omni/results/sg_realtime_c12_decodebatch8_ready_subset1_mem080_item256m_omitcached_trimfix_cache2048_64g_run12_c2w4_profile_relay1024_cvd345_8162_20260630_122447/client_c12_realtime_audio_vllmstyle_sil700_stagger0_temp1_barrier_profile_stable_c12_c2w4_122641/sample_02/sg_c12_s002_46b60316-3173-42ea-ac58-14cb26de2e76.wav,/myapp/sglang-omni/results/sg_realtime_c12_decodebatch8_ready_subset1_mem080_item256m_omitcached_trimfix_cache2048_64g_run12_c2w4_profile_relay1024_cvd345_8162_20260630_122447/client_c12_realtime_audio_vllmstyle_sil700_stagger0_temp1_barrier_profile_stable_c12_c2w4_122641/sample_02/result.json
profile_sil700,sample_03,True,sg_c12_s003_fe8ab4aa-4ea6-4be0-9d05-d1226776b76d,我叫千问，是阿里巴巴集团旗下的通义实验室自主研发的多模态超大规模语言模型，有什么我可以帮助你的吗？,8.400000000000002,6214.958898257464,9984.948628116399,26116.744697093964,33633.65334412083,/myapp/sglang-omni/results/sg_realtime_c12_decodebatch8_ready_subset1_mem080_item256m_omitcached_trimfix_cache2048_64g_run12_c2w4_profile_relay1024_cvd345_8162_20260630_122447/client_c12_realtime_audio_vllmstyle_sil700_stagger0_temp1_barrier_profile_stable_c12_c2w4_122641/sample_03/sg_c12_s003_fe8ab4aa-4ea6-4be0-9d05-d1226776b76d.wav,/myapp/sglang-omni/results/sg_realtime_c12_decodebatch8_ready_subset1_mem080_item256m_omitcached_trimfix_cache2048_64g_run12_c2w4_profile_relay1024_cvd345_8162_20260630_122447/client_c12_realtime_audio_vllmstyle_sil700_stagger0_temp1_barrier_profile_stable_c12_c2w4_122641/sample_03/result.json
profile_sil700,sample_04,True,sg_c12_s004_313661ee-93d8-43f3-9e4e-e078998835e5,我叫千问，是阿里巴巴集团旗下的通义实验室自主研发的多模态超大规模语言模型，有什么我可以帮助你的吗？,9.200000000000003,6327.909007668495,10033.350935671479,27152.40461472422,33951.636330690235,/myapp/sglang-omni/results/sg_realtime_c12_decodebatch8_ready_subset1_mem080_item256m_omitcached_trimfix_cache2048_64g_run12_c2w4_profile_relay1024_cvd345_8162_20260630_122447/client_c12_realtime_audio_vllmstyle_sil700_stagger0_temp1_barrier_profile_stable_c12_c2w4_122641/sample_04/sg_c12_s004_313661ee-93d8-43f3-9e4e-e078998835e5.wav,/myapp/sglang-omni/results/sg_realtime_c12_decodebatch8_ready_subset1_mem080_item256m_omitcached_trimfix_cache2048_64g_run12_c2w4_profile_relay1024_cvd345_8162_20260630_122447/client_c12_realtime_audio_vllmstyle_sil700_stagger0_temp1_barrier_profile_stable_c12_c2w4_122641/sample_04/result.json
profile_sil700,sample_05,True,sg_c12_s005_8c92ff80-de03-483e-abf9-b945b578a66e,我叫通义千问Omni，是阿里巴巴集团旗下的通义实验室自主研发的多模态超大规模语言模型，有什么我可以帮助你的吗？,9.120000000000003,6775.735753122717,9992.745413910598,30971.906369086355,35482.47912386432,/myapp/sglang-omni/results/sg_realtime_c12_decodebatch8_ready_subset1_mem080_item256m_omitcached_trimfix_cache2048_64g_run12_c2w4_profile_relay1024_cvd345_8162_20260630_122447/client_c12_realtime_audio_vllmstyle_sil700_stagger0_temp1_barrier_profile_stable_c12_c2w4_122641/sample_05/sg_c12_s005_8c92ff80-de03-483e-abf9-b945b578a66e.wav,/myapp/sglang-omni/results/sg_realtime_c12_decodebatch8_ready_subset1_mem080_item256m_omitcached_trimfix_cache2048_64g_run12_c2w4_profile_relay1024_cvd345_8162_20260630_122447/client_c12_realtime_audio_vllmstyle_sil700_stagger0_temp1_barrier_profile_stable_c12_c2w4_122641/sample_05/result.json
profile_sil700,sample_06,True,sg_c12_s006_edc870ba-98bb-432b-84f9-4b850dbf7896,我叫千问，是阿里巴巴集团旗下的通义实验室自主研发的多模态超大规模语言模型，有什么我可以帮助你的吗？,8.400000000000002,7197.837559971958,10011.78881013766,27811.98878539726,34197.68568733707,/myapp/sglang-omni/results/sg_realtime_c12_decodebatch8_ready_subset1_mem080_item256m_omitcached_trimfix_cache2048_64g_run12_c2w4_profile_relay1024_cvd345_8162_20260630_122447/client_c12_realtime_audio_vllmstyle_sil700_stagger0_temp1_barrier_profile_stable_c12_c2w4_122641/sample_06/sg_c12_s006_edc870ba-98bb-432b-84f9-4b850dbf7896.wav,/myapp/sglang-omni/results/sg_realtime_c12_decodebatch8_ready_subset1_mem080_item256m_omitcached_trimfix_cache2048_64g_run12_c2w4_profile_relay1024_cvd345_8162_20260630_122447/client_c12_realtime_audio_vllmstyle_sil700_stagger0_temp1_barrier_profile_stable_c12_c2w4_122641/sample_06/result.json
profile_sil700,sample_07,True,sg_c12_s007_af4574af-c157-4f28-9a85-36e844342c47,我叫千问多模态大模型，是阿里巴巴集团旗下的通义实验室自主研发的多模态超大规模语言模型，有什么我可以帮助你的吗？,11.520000000000005,7440.251001156867,10049.270268995315,32253.383858129382,36097.89491072297,/myapp/sglang-omni/results/sg_realtime_c12_decodebatch8_ready_subset1_mem080_item256m_omitcached_trimfix_cache2048_64g_run12_c2w4_profile_relay1024_cvd345_8162_20260630_122447/client_c12_realtime_audio_vllmstyle_sil700_stagger0_temp1_barrier_profile_stable_c12_c2w4_122641/sample_07/sg_c12_s007_af4574af-c157-4f28-9a85-36e844342c47.wav,/myapp/sglang-omni/results/sg_realtime_c12_decodebatch8_ready_subset1_mem080_item256m_omitcached_trimfix_cache2048_64g_run12_c2w4_profile_relay1024_cvd345_8162_20260630_122447/client_c12_realtime_audio_vllmstyle_sil700_stagger0_temp1_barrier_profile_stable_c12_c2w4_122641/sample_07/result.json
profile_sil700,sample_08,True,sg_c12_s008_f0498c24-ee17-4966-808d-c457c0bddcba,千问，是阿里巴巴集团旗下的通义实验室自主研发的多模态超大规模语言模型，有什么我可以帮助你的吗？,9.200000000000003,16892.953674308956,9959.480436053127,28679.09589316696,34407.51203102991,/myapp/sglang-omni/results/sg_realtime_c12_decodebatch8_ready_subset1_mem080_item256m_omitcached_trimfix_cache2048_64g_run12_c2w4_profile_relay1024_cvd345_8162_20260630_122447/client_c12_realtime_audio_vllmstyle_sil700_stagger0_temp1_barrier_profile_stable_c12_c2w4_122641/sample_08/sg_c12_s008_f0498c24-ee17-4966-808d-c457c0bddcba.wav,/myapp/sglang-omni/results/sg_realtime_c12_decodebatch8_ready_subset1_mem080_item256m_omitcached_trimfix_cache2048_64g_run12_c2w4_profile_relay1024_cvd345_8162_20260630_122447/client_c12_realtime_audio_vllmstyle_sil700_stagger0_temp1_barrier_profile_stable_c12_c2w4_122641/sample_08/result.json
profile_sil700,sample_09,True,sg_c12_s009_3271ec83-3074-42fd-b0bb-e72ec0482339,我叫千问，是阿里巴巴集团旗下的通义实验室自主研发的多模态超大规模语言模型，有什么我可以帮助你的吗？,8.960000000000003,8472.334729973227,10038.481580093503,29523.47087766975,34690.778323914856,/myapp/sglang-omni/results/sg_realtime_c12_decodebatch8_ready_subset1_mem080_item256m_omitcached_trimfix_cache2048_64g_run12_c2w4_profile_relay1024_cvd345_8162_20260630_122447/client_c12_realtime_audio_vllmstyle_sil700_stagger0_temp1_barrier_profile_stable_c12_c2w4_122641/sample_09/sg_c12_s009_3271ec83-3074-42fd-b0bb-e72ec0482339.wav,/myapp/sglang-omni/results/sg_realtime_c12_decodebatch8_ready_subset1_mem080_item256m_omitcached_trimfix_cache2048_64g_run12_c2w4_profile_relay1024_cvd345_8162_20260630_122447/client_c12_realtime_audio_vllmstyle_sil700_stagger0_temp1_barrier_profile_stable_c12_c2w4_122641/sample_09/result.json
profile_sil700,sample_10,True,sg_c12_s010_04e879fa-7c16-493e-bd2e-6376f7852f9d,我叫千问，是阿里巴巴集团旗下的通义实验室自主研发的多模态超大规模语言模型，有什么我可以帮助你的吗？,8.880000000000003,8667.954613920301,10058.164719957858,30386.693383101374,34950.735052116215,/myapp/sglang-omni/results/sg_realtime_c12_decodebatch8_ready_subset1_mem080_item256m_omitcached_trimfix_cache2048_64g_run12_c2w4_profile_relay1024_cvd345_8162_20260630_122447/client_c12_realtime_audio_vllmstyle_sil700_stagger0_temp1_barrier_profile_stable_c12_c2w4_122641/sample_10/sg_c12_s010_04e879fa-7c16-493e-bd2e-6376f7852f9d.wav,/myapp/sglang-omni/results/sg_realtime_c12_decodebatch8_ready_subset1_mem080_item256m_omitcached_trimfix_cache2048_64g_run12_c2w4_profile_relay1024_cvd345_8162_20260630_122447/client_c12_realtime_audio_vllmstyle_sil700_stagger0_temp1_barrier_profile_stable_c12_c2w4_122641/sample_10/result.json
profile_sil700,sample_11,True,sg_c12_s011_ab219e7a-4990-4329-a056-393087e8b82b,我叫千问多模态大模型，是阿里巴巴集团旗下的通义实验室自主研发的多模态超大规模语言模型，有什么我可以帮助你的吗？,11.120000000000005,8854.297334793955,10017.150701023638,32864.69825869426,36625.39990292862,/myapp/sglang-omni/results/sg_realtime_c12_decodebatch8_ready_subset1_mem080_item256m_omitcached_trimfix_cache2048_64g_run12_c2w4_profile_relay1024_cvd345_8162_20260630_122447/client_c12_realtime_audio_vllmstyle_sil700_stagger0_temp1_barrier_profile_stable_c12_c2w4_122641/sample_11/sg_c12_s011_ab219e7a-4990-4329-a056-393087e8b82b.wav,/myapp/sglang-omni/results/sg_realtime_c12_decodebatch8_ready_subset1_mem080_item256m_omitcached_trimfix_cache2048_64g_run12_c2w4_profile_relay1024_cvd345_8162_20260630_122447/client_c12_realtime_audio_vllmstyle_sil700_stagger0_temp1_barrier_profile_stable_c12_c2w4_122641/sample_11/result.json
post_fix_sil712,sample_00,True,sg_c12_s000_e9ab81a8-5198-4bed-8502-7a70bec1dd0e,我叫Qwen3.5，是阿里巴巴最新推出的通义千问大语言模型。很高兴认识你！有什么我可以帮助你的吗？,8.800000000000002,6663.607819005847,7388.878408819437,20758.673993870616,27395.258198026568,/myapp/sglang-omni/results/sg_realtime_c12_decodebatch8_ready_subset1_mem080_item256m_omitcached_trimpartial_cache2048_64g_run12_c2w4_relay1024_cvd345_8162_20260630_124917/client_c12_realtime_audio_vllmstyle_sil712_stagger0_temp1_barrier_validation_125117/sample_00/sg_c12_s000_e9ab81a8-5198-4bed-8502-7a70bec1dd0e.wav,/myapp/sglang-omni/results/sg_realtime_c12_decodebatch8_ready_subset1_mem080_item256m_omitcached_trimpartial_cache2048_64g_run12_c2w4_relay1024_cvd345_8162_20260630_124917/client_c12_realtime_audio_vllmstyle_sil712_stagger0_temp1_barrier_validation_125117/sample_00/result.json
post_fix_sil712,sample_01,True,sg_c12_s001_451e9f8f-da91-4818-9fff-f0a0d02dc6be,我叫千问，是阿里巴巴集团旗下的通义实验室自主研发的多模态超大规模语言模型，有什么我可以帮助你的吗？,8.560000000000002,7352.278465870768,12383.414957672358,24290.532203856856,33890.43397875503,/myapp/sglang-omni/results/sg_realtime_c12_decodebatch8_ready_subset1_mem080_item256m_omitcached_trimpartial_cache2048_64g_run12_c2w4_relay1024_cvd345_8162_20260630_124917/client_c12_realtime_audio_vllmstyle_sil712_stagger0_temp1_barrier_validation_125117/sample_01/sg_c12_s001_451e9f8f-da91-4818-9fff-f0a0d02dc6be.wav,/myapp/sglang-omni/results/sg_realtime_c12_decodebatch8_ready_subset1_mem080_item256m_omitcached_trimpartial_cache2048_64g_run12_c2w4_relay1024_cvd345_8162_20260630_124917/client_c12_realtime_audio_vllmstyle_sil712_stagger0_temp1_barrier_validation_125117/sample_01/result.json
post_fix_sil712,sample_02,True,sg_c12_s002_2734635d-dc5e-4f0e-84e5-3356761df47d,我叫千问，是阿里巴巴集团旗下的通义实验室自主研发的多模态超大规模语言模型，有什么我可以帮助你的吗？,8.640000000000002,8633.75103706494,12457.24437898025,24982.098731212318,34172.6508080028,/myapp/sglang-omni/results/sg_realtime_c12_decodebatch8_ready_subset1_mem080_item256m_omitcached_trimpartial_cache2048_64g_run12_c2w4_relay1024_cvd345_8162_20260630_124917/client_c12_realtime_audio_vllmstyle_sil712_stagger0_temp1_barrier_validation_125117/sample_02/sg_c12_s002_2734635d-dc5e-4f0e-84e5-3356761df47d.wav,/myapp/sglang-omni/results/sg_realtime_c12_decodebatch8_ready_subset1_mem080_item256m_omitcached_trimpartial_cache2048_64g_run12_c2w4_relay1024_cvd345_8162_20260630_124917/client_c12_realtime_audio_vllmstyle_sil712_stagger0_temp1_barrier_validation_125117/sample_02/result.json
post_fix_sil712,sample_03,True,sg_c12_s003_788dfbd9-d671-46f1-95f4-653facd0ea2d,我叫千问，是阿里巴巴集团旗下的通义实验室自主研发的多模态超大规模语言模型，有什么我可以帮助你的吗？,8.880000000000003,8671.943293884397,12465.807732194662,25940.64981583506,34385.37367200479,/myapp/sglang-omni/results/sg_realtime_c12_decodebatch8_ready_subset1_mem080_item256m_omitcached_trimpartial_cache2048_64g_run12_c2w4_relay1024_cvd345_8162_20260630_124917/client_c12_realtime_audio_vllmstyle_sil712_stagger0_temp1_barrier_validation_125117/sample_03/sg_c12_s003_788dfbd9-d671-46f1-95f4-653facd0ea2d.wav,/myapp/sglang-omni/results/sg_realtime_c12_decodebatch8_ready_subset1_mem080_item256m_omitcached_trimpartial_cache2048_64g_run12_c2w4_relay1024_cvd345_8162_20260630_124917/client_c12_realtime_audio_vllmstyle_sil712_stagger0_temp1_barrier_validation_125117/sample_03/result.json
post_fix_sil712,sample_04,True,sg_c12_s004_5c9fc655-b0e3-4417-9770-47862dc42116,我叫千问，是阿里巴巴集团旗下的通义实验室自主研发的多模态超大规模语言模型，有什么我可以帮助你的吗？,9.360000000000003,9010.878664907068,12389.455223921686,26740.594224072993,34631.18454394862,/myapp/sglang-omni/results/sg_realtime_c12_decodebatch8_ready_subset1_mem080_item256m_omitcached_trimpartial_cache2048_64g_run12_c2w4_relay1024_cvd345_8162_20260630_124917/client_c12_realtime_audio_vllmstyle_sil712_stagger0_temp1_barrier_validation_125117/sample_04/sg_c12_s004_5c9fc655-b0e3-4417-9770-47862dc42116.wav,/myapp/sglang-omni/results/sg_realtime_c12_decodebatch8_ready_subset1_mem080_item256m_omitcached_trimpartial_cache2048_64g_run12_c2w4_relay1024_cvd345_8162_20260630_124917/client_c12_realtime_audio_vllmstyle_sil712_stagger0_temp1_barrier_validation_125117/sample_04/result.json
post_fix_sil712,sample_05,True,sg_c12_s005_c2a4e6db-16a4-49aa-a20b-ab61a3d48265,我叫千问，是阿里巴巴集团旗下的通义实验室自主研发的多模态超大规模语言模型，有什么我可以帮助你的吗？,9.200000000000003,9425.578685011715,12416.758321691304,27399.423404131085,34843.09690305963,/myapp/sglang-omni/results/sg_realtime_c12_decodebatch8_ready_subset1_mem080_item256m_omitcached_trimpartial_cache2048_64g_run12_c2w4_relay1024_cvd345_8162_20260630_124917/client_c12_realtime_audio_vllmstyle_sil712_stagger0_temp1_barrier_validation_125117/sample_05/sg_c12_s005_c2a4e6db-16a4-49aa-a20b-ab61a3d48265.wav,/myapp/sglang-omni/results/sg_realtime_c12_decodebatch8_ready_subset1_mem080_item256m_omitcached_trimpartial_cache2048_64g_run12_c2w4_relay1024_cvd345_8162_20260630_124917/client_c12_realtime_audio_vllmstyle_sil712_stagger0_temp1_barrier_validation_125117/sample_05/result.json
post_fix_sil712,sample_06,True,sg_c12_s006_bc09363b-58b7-4e73-aad2-1e8d3dea120d,我叫千问，是阿里巴巴集团旗下的通义实验室自主研发的多模态超大规模语言模型，有什么我可以帮助你的吗？,8.400000000000002,9844.810266047716,12472.420152276754,27838.969178963453,35124.20252291486,/myapp/sglang-omni/results/sg_realtime_c12_decodebatch8_ready_subset1_mem080_item256m_omitcached_trimpartial_cache2048_64g_run12_c2w4_relay1024_cvd345_8162_20260630_124917/client_c12_realtime_audio_vllmstyle_sil712_stagger0_temp1_barrier_validation_125117/sample_06/sg_c12_s006_bc09363b-58b7-4e73-aad2-1e8d3dea120d.wav,/myapp/sglang-omni/results/sg_realtime_c12_decodebatch8_ready_subset1_mem080_item256m_omitcached_trimpartial_cache2048_64g_run12_c2w4_relay1024_cvd345_8162_20260630_124917/client_c12_realtime_audio_vllmstyle_sil712_stagger0_temp1_barrier_validation_125117/sample_06/result.json
post_fix_sil712,sample_07,True,sg_c12_s007_8424f426-acc8-4db6-bbeb-58cc7f4b69b6,我叫千问，是阿里巴巴集团旗下的通义实验室自主研发的多模态超大规模语言模型，有什么我可以帮助你的吗？,8.640000000000002,10255.431746132672,12444.166340865195,28514.21855809167,35372.043835930526,/myapp/sglang-omni/results/sg_realtime_c12_decodebatch8_ready_subset1_mem080_item256m_omitcached_trimpartial_cache2048_64g_run12_c2w4_relay1024_cvd345_8162_20260630_124917/client_c12_realtime_audio_vllmstyle_sil712_stagger0_temp1_barrier_validation_125117/sample_07/sg_c12_s007_8424f426-acc8-4db6-bbeb-58cc7f4b69b6.wav,/myapp/sglang-omni/results/sg_realtime_c12_decodebatch8_ready_subset1_mem080_item256m_omitcached_trimpartial_cache2048_64g_run12_c2w4_relay1024_cvd345_8162_20260630_124917/client_c12_realtime_audio_vllmstyle_sil712_stagger0_temp1_barrier_validation_125117/sample_07/result.json
post_fix_sil712,sample_08,True,sg_c12_s008_10678263-11ff-41ea-be56-392a9d31a04a,我叫千问，英文名Qwen，是阿里巴巴集团旗下的通义实验室自主研发的多模态超大规模语言模型。有什么我可以帮助你的吗？,10.320000000000004,10666.385143995285,12423.520845361054,31411.020455416292,36629.71393112093,/myapp/sglang-omni/results/sg_realtime_c12_decodebatch8_ready_subset1_mem080_item256m_omitcached_trimpartial_cache2048_64g_run12_c2w4_relay1024_cvd345_8162_20260630_124917/client_c12_realtime_audio_vllmstyle_sil712_stagger0_temp1_barrier_validation_125117/sample_08/sg_c12_s008_10678263-11ff-41ea-be56-392a9d31a04a.wav,/myapp/sglang-omni/results/sg_realtime_c12_decodebatch8_ready_subset1_mem080_item256m_omitcached_trimpartial_cache2048_64g_run12_c2w4_relay1024_cvd345_8162_20260630_124917/client_c12_realtime_audio_vllmstyle_sil712_stagger0_temp1_barrier_validation_125117/sample_08/result.json
post_fix_sil712,sample_09,True,sg_c12_s009_2fb4007d-6d70-4ae1-81b1-36edbb10358b,我叫千问，是阿里巴巴集团旗下的通义实验室自主研发的多模态超大规模语言模型，有什么我可以帮助你的吗？,9.200000000000003,11068.009020760655,12432.16346995905,29308.307225815952,35583.09011301026,/myapp/sglang-omni/results/sg_realtime_c12_decodebatch8_ready_subset1_mem080_item256m_omitcached_trimpartial_cache2048_64g_run12_c2w4_relay1024_cvd345_8162_20260630_124917/client_c12_realtime_audio_vllmstyle_sil712_stagger0_temp1_barrier_validation_125117/sample_09/sg_c12_s009_2fb4007d-6d70-4ae1-81b1-36edbb10358b.wav,/myapp/sglang-omni/results/sg_realtime_c12_decodebatch8_ready_subset1_mem080_item256m_omitcached_trimpartial_cache2048_64g_run12_c2w4_relay1024_cvd345_8162_20260630_124917/client_c12_realtime_audio_vllmstyle_sil712_stagger0_temp1_barrier_validation_125117/sample_09/result.json
post_fix_sil712,sample_10,True,sg_c12_s010_4d33a164-fd46-44b1-abeb-ab8952bf015d,我叫千问，是阿里巴巴集团旗下的通义实验室自主研发的多模态超大规模语言模型，有什么我可以帮助你的吗？,9.520000000000003,11463.657853659242,12402.899452950805,30177.832880057395,35880.689622834325,/myapp/sglang-omni/results/sg_realtime_c12_decodebatch8_ready_subset1_mem080_item256m_omitcached_trimpartial_cache2048_64g_run12_c2w4_relay1024_cvd345_8162_20260630_124917/client_c12_realtime_audio_vllmstyle_sil712_stagger0_temp1_barrier_validation_125117/sample_10/sg_c12_s010_4d33a164-fd46-44b1-abeb-ab8952bf015d.wav,/myapp/sglang-omni/results/sg_realtime_c12_decodebatch8_ready_subset1_mem080_item256m_omitcached_trimpartial_cache2048_64g_run12_c2w4_relay1024_cvd345_8162_20260630_124917/client_c12_realtime_audio_vllmstyle_sil712_stagger0_temp1_barrier_validation_125117/sample_10/result.json
post_fix_sil712,sample_11,True,sg_c12_s011_304df997-d3b3-476a-a572-4ffdad709393,我叫千问，是阿里巴巴集团旗下的通义实验室自主研发的多模态超大规模语言模型，有什么我可以帮助你的吗？,9.040000000000003,11654.261017218232,12393.418975174427,30693.705895915627,36128.310373052955,/myapp/sglang-omni/results/sg_realtime_c12_decodebatch8_ready_subset1_mem080_item256m_omitcached_trimpartial_cache2048_64g_run12_c2w4_relay1024_cvd345_8162_20260630_124917/client_c12_realtime_audio_vllmstyle_sil712_stagger0_temp1_barrier_validation_125117/sample_11/sg_c12_s011_304df997-d3b3-476a-a572-4ffdad709393.wav,/myapp/sglang-omni/results/sg_realtime_c12_decodebatch8_ready_subset1_mem080_item256m_omitcached_trimpartial_cache2048_64g_run12_c2w4_relay1024_cvd345_8162_20260630_124917/client_c12_realtime_audio_vllmstyle_sil712_stagger0_temp1_barrier_validation_125117/sample_11/result.json
validation_sil724,sample_00,True,sg_c12_s000_39953713-6a47-48e2-9063-2180f6f7010e,我叫千问，是阿里巴巴集团旗下的通义实验室自主研发的多模态超大规模语言模型，有什么我可以帮助你的吗？,9.760000000000003,2357.3015280999243,2558.0571540631354,20254.139828961343,23360.701063182205,/myapp/sglang-omni/results/sg_realtime_c12_decodebatch8_ready_subset1_mem080_item256m_omitcached_trimpartial_cache2048_64g_run12_c2w4_relay1024_cvd345_8162_20260630_124917/client_c12_realtime_audio_vllmstyle_sil724_stagger0_temp1_barrier_validation_130217/sample_00/sg_c12_s000_39953713-6a47-48e2-9063-2180f6f7010e.wav,/myapp/sglang-omni/results/sg_realtime_c12_decodebatch8_ready_subset1_mem080_item256m_omitcached_trimpartial_cache2048_64g_run12_c2w4_relay1024_cvd345_8162_20260630_124917/client_c12_realtime_audio_vllmstyle_sil724_stagger0_temp1_barrier_validation_130217/sample_00/result.json
validation_sil724,sample_01,True,sg_c12_s001_1d2c7ad4-8662-47a8-bbd5-50551371f358,我叫千问，是阿里巴巴集团旗下的通义实验室自主研发的多模态超大规模语言模型，有什么我可以帮助你的吗？,8.400000000000002,3781.5927830524743,9435.10381365195,24764.328561723232,30514.078832697123,/myapp/sglang-omni/results/sg_realtime_c12_decodebatch8_ready_subset1_mem080_item256m_omitcached_trimpartial_cache2048_64g_run12_c2w4_relay1024_cvd345_8162_20260630_124917/client_c12_realtime_audio_vllmstyle_sil724_stagger0_temp1_barrier_validation_130217/sample_01/sg_c12_s001_1d2c7ad4-8662-47a8-bbd5-50551371f358.wav,/myapp/sglang-omni/results/sg_realtime_c12_decodebatch8_ready_subset1_mem080_item256m_omitcached_trimpartial_cache2048_64g_run12_c2w4_relay1024_cvd345_8162_20260630_124917/client_c12_realtime_audio_vllmstyle_sil724_stagger0_temp1_barrier_validation_130217/sample_01/result.json
validation_sil724,sample_02,True,sg_c12_s002_5ff64337-5375-4d55-89ba-7543d21796bd,我叫千问，是阿里巴巴集团旗下的通义实验室自主研发的多模态超大规模语言模型，有什么我可以帮助你的吗？,8.960000000000003,4916.066848672926,9455.517987720668,25492.658176925033,30550.921295769513,/myapp/sglang-omni/results/sg_realtime_c12_decodebatch8_ready_subset1_mem080_item256m_omitcached_trimpartial_cache2048_64g_run12_c2w4_relay1024_cvd345_8162_20260630_124917/client_c12_realtime_audio_vllmstyle_sil724_stagger0_temp1_barrier_validation_130217/sample_02/sg_c12_s002_5ff64337-5375-4d55-89ba-7543d21796bd.wav,/myapp/sglang-omni/results/sg_realtime_c12_decodebatch8_ready_subset1_mem080_item256m_omitcached_trimpartial_cache2048_64g_run12_c2w4_relay1024_cvd345_8162_20260630_124917/client_c12_realtime_audio_vllmstyle_sil724_stagger0_temp1_barrier_validation_130217/sample_02/result.json
validation_sil724,sample_03,True,sg_c12_s003_007df824-0413-4922-ac4b-84e32a2aa4f8,千问，是阿里巴巴集团旗下的通义实验室自主研发的多模态超大规模语言模型，有什么我可以帮助你的吗？,8.960000000000003,14497.78822530061,9464.146524202079,26243.527999147773,30856.712613254786,/myapp/sglang-omni/results/sg_realtime_c12_decodebatch8_ready_subset1_mem080_item256m_omitcached_trimpartial_cache2048_64g_run12_c2w4_relay1024_cvd345_8162_20260630_124917/client_c12_realtime_audio_vllmstyle_sil724_stagger0_temp1_barrier_validation_130217/sample_03/sg_c12_s003_007df824-0413-4922-ac4b-84e32a2aa4f8.wav,/myapp/sglang-omni/results/sg_realtime_c12_decodebatch8_ready_subset1_mem080_item256m_omitcached_trimpartial_cache2048_64g_run12_c2w4_relay1024_cvd345_8162_20260630_124917/client_c12_realtime_audio_vllmstyle_sil724_stagger0_temp1_barrier_validation_130217/sample_03/result.json
validation_sil724,sample_04,True,sg_c12_s004_55d0d1f9-5a67-4f3f-b593-023813e4c247,我叫千问，是阿里巴巴集团旗下的通义实验室自主研发的多模态超大规模语言模型，有什么我可以帮助你的吗？,8.880000000000003,9073.436697944999,9443.834307137877,26800.895262975246,31235.56437296793,/myapp/sglang-omni/results/sg_realtime_c12_decodebatch8_ready_subset1_mem080_item256m_omitcached_trimpartial_cache2048_64g_run12_c2w4_relay1024_cvd345_8162_20260630_124917/client_c12_realtime_audio_vllmstyle_sil724_stagger0_temp1_barrier_validation_130217/sample_04/sg_c12_s004_55d0d1f9-5a67-4f3f-b593-023813e4c247.wav,/myapp/sglang-omni/results/sg_realtime_c12_decodebatch8_ready_subset1_mem080_item256m_omitcached_trimpartial_cache2048_64g_run12_c2w4_relay1024_cvd345_8162_20260630_124917/client_c12_realtime_audio_vllmstyle_sil724_stagger0_temp1_barrier_validation_130217/sample_04/result.json
validation_sil724,sample_05,True,sg_c12_s005_fb0800ab-2f85-493b-9a70-1657596a3b8b,我叫千问，是阿里巴巴集团旗下的通义实验室自主研发的多模态超大规模语言模型，有什么我可以帮助你的吗？,8.640000000000002,9970.37937818095,12709.693926386535,29643.63361429423,35649.09646194428,/myapp/sglang-omni/results/sg_realtime_c12_decodebatch8_ready_subset1_mem080_item256m_omitcached_trimpartial_cache2048_64g_run12_c2w4_relay1024_cvd345_8162_20260630_124917/client_c12_realtime_audio_vllmstyle_sil724_stagger0_temp1_barrier_validation_130217/sample_05/sg_c12_s005_fb0800ab-2f85-493b-9a70-1657596a3b8b.wav,/myapp/sglang-omni/results/sg_realtime_c12_decodebatch8_ready_subset1_mem080_item256m_omitcached_trimpartial_cache2048_64g_run12_c2w4_relay1024_cvd345_8162_20260630_124917/client_c12_realtime_audio_vllmstyle_sil724_stagger0_temp1_barrier_validation_130217/sample_05/result.json
validation_sil724,sample_06,True,sg_c12_s006_42b57f8d-2b42-4ab6-8f24-3c6cfc9516c3,千问，是阿里巴巴集团旗下的通义实验室自主研发的多模态超大规模语言模型，有什么我可以帮助你的吗？,8.720000000000002,17075.49090264365,12717.164614703506,31962.274230085313,36316.566488705575,/myapp/sglang-omni/results/sg_realtime_c12_decodebatch8_ready_subset1_mem080_item256m_omitcached_trimpartial_cache2048_64g_run12_c2w4_relay1024_cvd345_8162_20260630_124917/client_c12_realtime_audio_vllmstyle_sil724_stagger0_temp1_barrier_validation_130217/sample_06/sg_c12_s006_42b57f8d-2b42-4ab6-8f24-3c6cfc9516c3.wav,/myapp/sglang-omni/results/sg_realtime_c12_decodebatch8_ready_subset1_mem080_item256m_omitcached_trimpartial_cache2048_64g_run12_c2w4_relay1024_cvd345_8162_20260630_124917/client_c12_realtime_audio_vllmstyle_sil724_stagger0_temp1_barrier_validation_130217/sample_06/result.json
validation_sil724,sample_07,True,sg_c12_s007_45930fec-11b7-40f1-b523-20af9eec5762,Qwen3.5，是阿里巴巴最新推出的通义千问大语言模型。有什么我可以帮助你的吗？,6.880000000000002,17901.535455603153,12745.015483815223,30217.66714984551,35843.222179915756,/myapp/sglang-omni/results/sg_realtime_c12_decodebatch8_ready_subset1_mem080_item256m_omitcached_trimpartial_cache2048_64g_run12_c2w4_relay1024_cvd345_8162_20260630_124917/client_c12_realtime_audio_vllmstyle_sil724_stagger0_temp1_barrier_validation_130217/sample_07/sg_c12_s007_45930fec-11b7-40f1-b523-20af9eec5762.wav,/myapp/sglang-omni/results/sg_realtime_c12_decodebatch8_ready_subset1_mem080_item256m_omitcached_trimpartial_cache2048_64g_run12_c2w4_relay1024_cvd345_8162_20260630_124917/client_c12_realtime_audio_vllmstyle_sil724_stagger0_temp1_barrier_validation_130217/sample_07/result.json
validation_sil724,sample_08,True,sg_c12_s008_dc0f6418-dee7-4fab-8071-ae0c7b811f8f,我叫千问，是阿里巴巴集团旗下的通义实验室自主研发的多模态超大规模语言模型，有什么我可以帮助你的吗？,9.680000000000003,11383.544409181923,12761.604092083871,32854.123634751886,36582.7062567696,/myapp/sglang-omni/results/sg_realtime_c12_decodebatch8_ready_subset1_mem080_item256m_omitcached_trimpartial_cache2048_64g_run12_c2w4_relay1024_cvd345_8162_20260630_124917/client_c12_realtime_audio_vllmstyle_sil724_stagger0_temp1_barrier_validation_130217/sample_08/sg_c12_s008_dc0f6418-dee7-4fab-8071-ae0c7b811f8f.wav,/myapp/sglang-omni/results/sg_realtime_c12_decodebatch8_ready_subset1_mem080_item256m_omitcached_trimpartial_cache2048_64g_run12_c2w4_relay1024_cvd345_8162_20260630_124917/client_c12_realtime_audio_vllmstyle_sil724_stagger0_temp1_barrier_validation_130217/sample_08/result.json
validation_sil724,sample_09,True,sg_c12_s009_db5f29dc-f4d4-4a8e-bd02-38817e5370ba,我叫千问，是阿里巴巴集团旗下的通义实验室自主研发的多模态超大规模语言模型，有什么我可以帮助你的吗？,8.960000000000003,11648.121802136302,12732.94322611764,33347.30443917215,36808.13980707899,/myapp/sglang-omni/results/sg_realtime_c12_decodebatch8_ready_subset1_mem080_item256m_omitcached_trimpartial_cache2048_64g_run12_c2w4_relay1024_cvd345_8162_20260630_124917/client_c12_realtime_audio_vllmstyle_sil724_stagger0_temp1_barrier_validation_130217/sample_09/sg_c12_s009_db5f29dc-f4d4-4a8e-bd02-38817e5370ba.wav,/myapp/sglang-omni/results/sg_realtime_c12_decodebatch8_ready_subset1_mem080_item256m_omitcached_trimpartial_cache2048_64g_run12_c2w4_relay1024_cvd345_8162_20260630_124917/client_c12_realtime_audio_vllmstyle_sil724_stagger0_temp1_barrier_validation_130217/sample_09/result.json
validation_sil724,sample_10,True,sg_c12_s010_8499b75c-5cea-4823-8a6f-051a76113d81,我叫Qwen3.5，是阿里巴巴最新推出的通义千问大语言模型。很高兴认识你！有什么我可以帮助你的吗？,9.440000000000003,12040.562948212028,12723.753233905882,33975.93552712351,37302.095267921686,/myapp/sglang-omni/results/sg_realtime_c12_decodebatch8_ready_subset1_mem080_item256m_omitcached_trimpartial_cache2048_64g_run12_c2w4_relay1024_cvd345_8162_20260630_124917/client_c12_realtime_audio_vllmstyle_sil724_stagger0_temp1_barrier_validation_130217/sample_10/sg_c12_s010_8499b75c-5cea-4823-8a6f-051a76113d81.wav,/myapp/sglang-omni/results/sg_realtime_c12_decodebatch8_ready_subset1_mem080_item256m_omitcached_trimpartial_cache2048_64g_run12_c2w4_relay1024_cvd345_8162_20260630_124917/client_c12_realtime_audio_vllmstyle_sil724_stagger0_temp1_barrier_validation_130217/sample_10/result.json
validation_sil724,sample_11,True,sg_c12_s011_cd1f81f4-0d32-4a57-af2e-c2b496a8f822,我叫Qwen3.5，是阿里巴巴最新推出的通义千问大语言模型。有什么我可以帮助你的吗？,7.120000000000002,12235.377971082926,12749.533358961344,30944.838067982346,36035.603730008006,/myapp/sglang-omni/results/sg_realtime_c12_decodebatch8_ready_subset1_mem080_item256m_omitcached_trimpartial_cache2048_64g_run12_c2w4_relay1024_cvd345_8162_20260630_124917/client_c12_realtime_audio_vllmstyle_sil724_stagger0_temp1_barrier_validation_130217/sample_11/sg_c12_s011_cd1f81f4-0d32-4a57-af2e-c2b496a8f822.wav,/myapp/sglang-omni/results/sg_realtime_c12_decodebatch8_ready_subset1_mem080_item256m_omitcached_trimpartial_cache2048_64g_run12_c2w4_relay1024_cvd345_8162_20260630_124917/client_c12_realtime_audio_vllmstyle_sil724_stagger0_temp1_barrier_validation_130217/sample_11/result.json
validation_sil732,sample_00,True,sg_c12_s000_fe08db0d-b457-4772-be95-246b4853ac4a,我叫千问，是阿里巴巴集团旗下的通义实验室自主研发的多模态超大规模语言模型，有什么我可以帮助你的吗？,9.360000000000003,2463.0774818360806,4181.954558938742,19254.343365784734,22838.482399005443,/myapp/sglang-omni/results/sg_realtime_c12_decodebatch8_ready_subset1_mem080_item256m_omitcached_trimpartial_cache2048_64g_run12_c2w4_relay1024_cvd345_8162_20260630_124917/client_c12_realtime_audio_vllmstyle_sil732_stagger0_temp1_barrier_validation_132400/sample_00/sg_c12_s000_fe08db0d-b457-4772-be95-246b4853ac4a.wav,/myapp/sglang-omni/results/sg_realtime_c12_decodebatch8_ready_subset1_mem080_item256m_omitcached_trimpartial_cache2048_64g_run12_c2w4_relay1024_cvd345_8162_20260630_124917/client_c12_realtime_audio_vllmstyle_sil732_stagger0_temp1_barrier_validation_132400/sample_00/result.json
validation_sil732,sample_01,True,sg_c12_s001_8a5f62af-c6a2-48ce-9b87-562d1c6b6377,我叫通义千问Omni，是阿里巴巴集团旗下的通义实验室自主研发的多模态超大规模语言模型，有什么我可以帮助你的吗？,9.440000000000003,3223.7045369111,4190.354836639017,22861.705604940653,27536.66986199096,/myapp/sglang-omni/results/sg_realtime_c12_decodebatch8_ready_subset1_mem080_item256m_omitcached_trimpartial_cache2048_64g_run12_c2w4_relay1024_cvd345_8162_20260630_124917/client_c12_realtime_audio_vllmstyle_sil732_stagger0_temp1_barrier_validation_132400/sample_01/sg_c12_s001_8a5f62af-c6a2-48ce-9b87-562d1c6b6377.wav,/myapp/sglang-omni/results/sg_realtime_c12_decodebatch8_ready_subset1_mem080_item256m_omitcached_trimpartial_cache2048_64g_run12_c2w4_relay1024_cvd345_8162_20260630_124917/client_c12_realtime_audio_vllmstyle_sil732_stagger0_temp1_barrier_validation_132400/sample_01/result.json
validation_sil732,sample_02,True,sg_c12_s002_10f089aa-2447-4c8d-b591-81fdc2574b2e,我叫Qwen3.5，是阿里巴巴最新推出的通义千问大语言模型。有什么我可以帮助你的吗？,6.6400000000000015,3803.2655236311257,4419.72588095814,20213.47512677312,24194.135619793087,/myapp/sglang-omni/results/sg_realtime_c12_decodebatch8_ready_subset1_mem080_item256m_omitcached_trimpartial_cache2048_64g_run12_c2w4_relay1024_cvd345_8162_20260630_124917/client_c12_realtime_audio_vllmstyle_sil732_stagger0_temp1_barrier_validation_132400/sample_02/sg_c12_s002_10f089aa-2447-4c8d-b591-81fdc2574b2e.wav,/myapp/sglang-omni/results/sg_realtime_c12_decodebatch8_ready_subset1_mem080_item256m_omitcached_trimpartial_cache2048_64g_run12_c2w4_relay1024_cvd345_8162_20260630_124917/client_c12_realtime_audio_vllmstyle_sil732_stagger0_temp1_barrier_validation_132400/sample_02/result.json
validation_sil732,sample_03,True,sg_c12_s003_ee91b4eb-e9fc-42f3-86bc-a075da0609ea,我叫通义千问Omni，是阿里巴巴集团旗下的通义实验室自主研发的多模态超大规模语言模型，有什么我可以帮助你的吗？,9.040000000000003,4603.733939118683,9364.905192051083,27393.8868381083,32220.900059212,/myapp/sglang-omni/results/sg_realtime_c12_decodebatch8_ready_subset1_mem080_item256m_omitcached_trimpartial_cache2048_64g_run12_c2w4_relay1024_cvd345_8162_20260630_124917/client_c12_realtime_audio_vllmstyle_sil732_stagger0_temp1_barrier_validation_132400/sample_03/sg_c12_s003_ee91b4eb-e9fc-42f3-86bc-a075da0609ea.wav,/myapp/sglang-omni/results/sg_realtime_c12_decodebatch8_ready_subset1_mem080_item256m_omitcached_trimpartial_cache2048_64g_run12_c2w4_relay1024_cvd345_8162_20260630_124917/client_c12_realtime_audio_vllmstyle_sil732_stagger0_temp1_barrier_validation_132400/sample_03/result.json
validation_sil732,sample_04,True,sg_c12_s004_503e76f4-8c2d-4105-8186-c6400cca1660,我叫Qwen3.5，是阿里巴巴最新推出的通义千问大语言模型。有什么我可以帮助你的吗？,7.600000000000002,6365.133269689977,10152.018471620977,24448.05463263765,29394.47243185714,/myapp/sglang-omni/results/sg_realtime_c12_decodebatch8_ready_subset1_mem080_item256m_omitcached_trimpartial_cache2048_64g_run12_c2w4_relay1024_cvd345_8162_20260630_124917/client_c12_realtime_audio_vllmstyle_sil732_stagger0_temp1_barrier_validation_132400/sample_04/sg_c12_s004_503e76f4-8c2d-4105-8186-c6400cca1660.wav,/myapp/sglang-omni/results/sg_realtime_c12_decodebatch8_ready_subset1_mem080_item256m_omitcached_trimpartial_cache2048_64g_run12_c2w4_relay1024_cvd345_8162_20260630_124917/client_c12_realtime_audio_vllmstyle_sil732_stagger0_temp1_barrier_validation_132400/sample_04/result.json
validation_sil732,sample_05,True,sg_c12_s005_90c5c3fc-ece5-46d3-a5ad-883f13b80340,我叫千问，是阿里巴巴集团旗下的通义实验室自主研发的多模态超大规模语言模型，有什么我可以帮助你的吗？,9.120000000000003,8942.402528133243,10159.66618899256,25405.430444981903,29643.540295772254,/myapp/sglang-omni/results/sg_realtime_c12_decodebatch8_ready_subset1_mem080_item256m_omitcached_trimpartial_cache2048_64g_run12_c2w4_relay1024_cvd345_8162_20260630_124917/client_c12_realtime_audio_vllmstyle_sil732_stagger0_temp1_barrier_validation_132400/sample_05/sg_c12_s005_90c5c3fc-ece5-46d3-a5ad-883f13b80340.wav,/myapp/sglang-omni/results/sg_realtime_c12_decodebatch8_ready_subset1_mem080_item256m_omitcached_trimpartial_cache2048_64g_run12_c2w4_relay1024_cvd345_8162_20260630_124917/client_c12_realtime_audio_vllmstyle_sil732_stagger0_temp1_barrier_validation_132400/sample_05/result.json
validation_sil732,sample_06,True,sg_c12_s006_d1f446a3-5363-4c27-a760-7a1c8fb8a56a,我叫千问，是阿里巴巴集团旗下的通义实验室自主研发的多模态超大规模语言模型，有什么我可以帮助你的吗？,9.120000000000003,9136.385433841497,10168.10042411089,26063.590159174055,29960.218181833625,/myapp/sglang-omni/results/sg_realtime_c12_decodebatch8_ready_subset1_mem080_item256m_omitcached_trimpartial_cache2048_64g_run12_c2w4_relay1024_cvd345_8162_20260630_124917/client_c12_realtime_audio_vllmstyle_sil732_stagger0_temp1_barrier_validation_132400/sample_06/sg_c12_s006_d1f446a3-5363-4c27-a760-7a1c8fb8a56a.wav,/myapp/sglang-omni/results/sg_realtime_c12_decodebatch8_ready_subset1_mem080_item256m_omitcached_trimpartial_cache2048_64g_run12_c2w4_relay1024_cvd345_8162_20260630_124917/client_c12_realtime_audio_vllmstyle_sil732_stagger0_temp1_barrier_validation_132400/sample_06/result.json
validation_sil732,sample_07,True,sg_c12_s007_102edd8c-0756-4b3e-b55f-7b38e02340c5,我叫千问，是阿里巴巴集团旗下的通义实验室自主研发的多模态超大规模语言模型，有什么我可以帮助你的吗？,8.960000000000003,10602.524609770626,10967.348763719201,28942.80538475141,33564.80340287089,/myapp/sglang-omni/results/sg_realtime_c12_decodebatch8_ready_subset1_mem080_item256m_omitcached_trimpartial_cache2048_64g_run12_c2w4_relay1024_cvd345_8162_20260630_124917/client_c12_realtime_audio_vllmstyle_sil732_stagger0_temp1_barrier_validation_132400/sample_07/sg_c12_s007_102edd8c-0756-4b3e-b55f-7b38e02340c5.wav,/myapp/sglang-omni/results/sg_realtime_c12_decodebatch8_ready_subset1_mem080_item256m_omitcached_trimpartial_cache2048_64g_run12_c2w4_relay1024_cvd345_8162_20260630_124917/client_c12_realtime_audio_vllmstyle_sil732_stagger0_temp1_barrier_validation_132400/sample_07/result.json
validation_sil732,sample_08,True,sg_c12_s008_152d1e14-705c-4269-ad97-d5fbb6688046,我叫Qwen3.5，是阿里巴巴最新推出的通义千问大语言模型。很高兴认识你！有什么我可以帮助你的吗？,7.7600000000000025,10694.51266201213,11651.587868109345,29400.354604702443,34020.78508911654,/myapp/sglang-omni/results/sg_realtime_c12_decodebatch8_ready_subset1_mem080_item256m_omitcached_trimpartial_cache2048_64g_run12_c2w4_relay1024_cvd345_8162_20260630_124917/client_c12_realtime_audio_vllmstyle_sil732_stagger0_temp1_barrier_validation_132400/sample_08/sg_c12_s008_152d1e14-705c-4269-ad97-d5fbb6688046.wav,/myapp/sglang-omni/results/sg_realtime_c12_decodebatch8_ready_subset1_mem080_item256m_omitcached_trimpartial_cache2048_64g_run12_c2w4_relay1024_cvd345_8162_20260630_124917/client_c12_realtime_audio_vllmstyle_sil732_stagger0_temp1_barrier_validation_132400/sample_08/result.json
validation_sil732,sample_09,True,sg_c12_s009_2afef51f-d059-433d-a937-3017e5e2b93d,我叫千问，是阿里巴巴集团旗下的通义实验室自主研发的多模态超大规模语言模型，有什么我可以帮助你的吗？,9.280000000000003,13799.58907701075,12414.865077938884,31136.278757825494,35956.93665090948,/myapp/sglang-omni/results/sg_realtime_c12_decodebatch8_ready_subset1_mem080_item256m_omitcached_trimpartial_cache2048_64g_run12_c2w4_relay1024_cvd345_8162_20260630_124917/client_c12_realtime_audio_vllmstyle_sil732_stagger0_temp1_barrier_validation_132400/sample_09/sg_c12_s009_2afef51f-d059-433d-a937-3017e5e2b93d.wav,/myapp/sglang-omni/results/sg_realtime_c12_decodebatch8_ready_subset1_mem080_item256m_omitcached_trimpartial_cache2048_64g_run12_c2w4_relay1024_cvd345_8162_20260630_124917/client_c12_realtime_audio_vllmstyle_sil732_stagger0_temp1_barrier_validation_132400/sample_09/result.json
validation_sil732,sample_10,True,sg_c12_s010_800c66f9-ac26-4641-b0d5-50269030c4dc,我叫千问多模态大模型，是阿里巴巴集团旗下的通义实验室自主研发的多模态超大规模语言模型，有什么我可以帮助你的吗？,11.360000000000005,13872.199861798435,12423.00635902211,32686.23682577163,36769.40371003002,/myapp/sglang-omni/results/sg_realtime_c12_decodebatch8_ready_subset1_mem080_item256m_omitcached_trimpartial_cache2048_64g_run12_c2w4_relay1024_cvd345_8162_20260630_124917/client_c12_realtime_audio_vllmstyle_sil732_stagger0_temp1_barrier_validation_132400/sample_10/sg_c12_s010_800c66f9-ac26-4641-b0d5-50269030c4dc.wav,/myapp/sglang-omni/results/sg_realtime_c12_decodebatch8_ready_subset1_mem080_item256m_omitcached_trimpartial_cache2048_64g_run12_c2w4_relay1024_cvd345_8162_20260630_124917/client_c12_realtime_audio_vllmstyle_sil732_stagger0_temp1_barrier_validation_132400/sample_10/result.json
validation_sil732,sample_11,True,sg_c12_s011_3c0d78f0-865d-4de9-94a4-2c9b66cc3810,我叫千问，是阿里巴巴集团旗下的通义实验室自主研发的多模态超大规模语言模型，有什么我可以帮助你的吗？,9.200000000000003,13943.092724308372,12431.20736302808,31864.837270230055,36203.00155924633,/myapp/sglang-omni/results/sg_realtime_c12_decodebatch8_ready_subset1_mem080_item256m_omitcached_trimpartial_cache2048_64g_run12_c2w4_relay1024_cvd345_8162_20260630_124917/client_c12_realtime_audio_vllmstyle_sil732_stagger0_temp1_barrier_validation_132400/sample_11/sg_c12_s011_3c0d78f0-865d-4de9-94a4-2c9b66cc3810.wav,/myapp/sglang-omni/results/sg_realtime_c12_decodebatch8_ready_subset1_mem080_item256m_omitcached_trimpartial_cache2048_64g_run12_c2w4_relay1024_cvd345_8162_20260630_124917/client_c12_realtime_audio_vllmstyle_sil732_stagger0_temp1_barrier_validation_132400/sample_11/result.json
